Aerial,com.amazon.geo.client.maps.apk,smali/com/amazon/maps/here/routing/client/rest/response/HerePublicTransportType.smali,".field public static final enum AERIAL:Lcom/amazon/maps/here/routing/client/rest/response/HerePublicTransportType;","Amazon/maverick/maverick:7.0/PS7315/1924N:user/amz-p,release-keys",2020-06-04 01:21:16,2020-06-04 05:10:07
Aerial,com.amazon.geo.client.maps.apk,smali/com/amazon/maps/here/routing/client/rest/response/HerePublicTransportType.smali,"sput-object v1, Lcom/amazon/maps/here/routing/client/rest/response/HerePublicTransportType;->AERIAL:Lcom/amazon/maps/here/routing/client/rest/response/HerePublicTransportType;","Amazon/maverick/maverick:7.0/PS7315/1924N:user/amz-p,release-keys",2020-06-04 01:21:16,2020-06-04 05:10:07
Aerial,com.amazon.geo.client.maps.apk,smali/com/amazon/maps/model/routing/PublicTransportLine$Type.smali,"const-string v2, ""AERIAL""","Amazon/maverick/maverick:7.0/PS7315/1924N:user/amz-p,release-keys",2020-06-04 01:21:16,2020-06-04 05:10:07
Aerial,com.amazon.geo.client.maps.apk,smali/com/amazon/maps/client/util/RoutingUtil$WhenMappings.smali,"sget-object v1, Lcom/amazon/maps/model/routing/PublicTransportLine$Type;->AERIAL:Lcom/amazon/maps/model/routing/PublicTransportLine$Type;","Amazon/maverick/maverick:7.0/PS7315/1924N:user/amz-p,release-keys",2020-06-04 01:21:16,2020-06-04 05:10:07
Aerial,com.amazon.geo.client.maps.apk,smali/com/amazon/maps/client/util/PTLineTypeResourceMap.smali,"sget-object v1, Lcom/amazon/maps/model/routing/PublicTransportLine$Type;->AERIAL:Lcom/amazon/maps/model/routing/PublicTransportLine$Type;","Amazon/maverick/maverick:7.0/PS7315/1924N:user/amz-p,release-keys",2020-06-04 01:21:16,2020-06-04 05:10:07
Aerial,com.amazon.geo.client.maps.apk,smali/com/amazon/maps/model/routing/PublicTransportLine$Type.smali,"sput-object v1, Lcom/amazon/maps/model/routing/PublicTransportLine$Type;->AERIAL:Lcom/amazon/maps/model/routing/PublicTransportLine$Type;","Amazon/maverick/maverick:7.0/PS7315/1924N:user/amz-p,release-keys",2020-06-04 01:21:16,2020-06-04 05:10:07
Aerial,com.amazon.geo.client.maps.apk,smali/com/amazon/maps/here/routing/client/rest/response/HerePublicTransportType.smali,"""AERIAL"",","Amazon/maverick/maverick:7.0/PS7315/1924N:user/amz-p,release-keys",2020-06-04 01:21:16,2020-06-04 05:10:07
Aerial,com.amazon.geo.client.maps.apk,smali/com/amazon/maps/model/routing/PublicTransportLine$Type.smali,".field public static final enum AERIAL:Lcom/amazon/maps/model/routing/PublicTransportLine$Type;","Amazon/maverick/maverick:7.0/PS7315/1924N:user/amz-p,release-keys",2020-06-04 01:21:16,2020-06-04 05:10:07
Aerial,com.amazon.geo.client.maps.apk,smali/com/amazon/maps/model/routing/PublicTransportLine$Type.smali,"""AERIAL"",","Amazon/maverick/maverick:7.0/PS7315/1924N:user/amz-p,release-keys",2020-06-04 01:21:16,2020-06-04 05:10:07
Aerial,com.amazon.geo.client.maps.apk,smali/com/amazon/maps/here/routing/client/rest/response/HerePublicTransportType.smali,"const-string v2, ""AERIAL""","Amazon/maverick/maverick:7.0/PS7315/1924N:user/amz-p,release-keys",2020-06-04 01:21:16,2020-06-04 05:10:07
Aerial,MapsSdkV3-release.apk,assets/style/common/sources.yaml,"url: https://1.aerial.maps.ls.hereapi.com/maptile/2.1/maptile/newest/satellite.day/{z}/{x}/{y}/512/png8","Amazon/maverick/maverick:7.0/PS7315/1924N:user/amz-p,release-keys",2020-06-04 01:21:16,2020-06-04 05:10:07
Aerial,com.amazon.geo.client.maps.apk,smali/com/amazon/maps/here/routing/client/rest/response/HerePublicTransportType.smali,"name = ""aerial""","Amazon/maverick/maverick:7.0/PS7315/1924N:user/amz-p,release-keys",2020-06-04 01:21:16,2020-06-04 05:10:07
Aloha,com.amazon.cloud9.contentservice.apk,res/raw/blacklisted_domains.txt,"alohateens.com","Amazon/maverick/maverick:7.0/PS7315/1924N:user/amz-p,release-keys",2020-06-04 01:21:16,2020-06-04 05:10:07
Aloha,com.amazon.cloud9.contentservice.apk,res/raw/blacklisted_domains.txt,"alohaporn.pro","Amazon/maverick/maverick:7.0/PS7315/1924N:user/amz-p,release-keys",2020-06-04 01:21:16,2020-06-04 05:10:07
Aloha,com.amazon.cloud9.contentservice.apk,res/raw/blacklisted_domains.txt,"alohatube.com","Amazon/maverick/maverick:7.0/PS7315/1924N:user/amz-p,release-keys",2020-06-04 01:21:16,2020-06-04 05:10:07
Aloha,com.amazon.cloud9.contentservice.apk,res/raw/blacklisted_domains.txt,"alohaporn.tube","Amazon/maverick/maverick:7.0/PS7315/1924N:user/amz-p,release-keys",2020-06-04 01:21:16,2020-06-04 05:10:07
Anna,com.amazon.cloud9.contentservice.apk,res/raw/blacklisted_domains.txt,"pussyanna.com","Amazon/maverick/maverick:7.0/PS7315/1924N:user/amz-p,release-keys",2020-06-04 01:21:16,2020-06-04 05:10:07
Anna,com.amazon.cloud9.contentservice.apk,res/raw/blacklisted_domains.txt,"forum.boundanna.net","Amazon/maverick/maverick:7.0/PS7315/1924N:user/amz-p,release-keys",2020-06-04 01:21:16,2020-06-04 05:10:07
Anna,com.amazon.cloud9.contentservice.apk,res/raw/blacklisted_domains.txt,"annapolis.bedpage.com","Amazon/maverick/maverick:7.0/PS7315/1924N:user/amz-p,release-keys",2020-06-04 01:21:16,2020-06-04 05:10:07
Anna,com.amazon.cloud9.contentservice.apk,res/raw/blacklisted_domains.txt,"grannarium.com","Amazon/maverick/maverick:7.0/PS7315/1924N:user/amz-p,release-keys",2020-06-04 01:21:16,2020-06-04 05:10:07
Anna,com.amazon.cloud9.contentservice.apk,res/raw/blacklisted_domains.txt,"annabellasescorts.com","Amazon/maverick/maverick:7.0/PS7315/1924N:user/amz-p,release-keys",2020-06-04 01:21:16,2020-06-04 05:10:07
Anna,com.amazon.cloud9.contentservice.apk,res/raw/blacklisted_domains.txt,"wannawatchme.com","Amazon/maverick/maverick:7.0/PS7315/1924N:user/amz-p,release-keys",2020-06-04 01:21:16,2020-06-04 05:10:07
Aurora,com.amazon.cloud9.contentservice.apk,res/raw/blacklisted_domains.txt,"aurora-pro.com","Amazon/maverick/maverick:7.0/PS7315/1924N:user/amz-p,release-keys",2020-06-04 01:21:16,2020-06-04 05:10:07
Aurora,com.amazon.cloud9.contentservice.apk,res/raw/blacklisted_domains.txt,"sec.aurora-pro.com","Amazon/maverick/maverick:7.0/PS7315/1924N:user/amz-p,release-keys",2020-06-04 01:21:16,2020-06-04 05:10:07
Bruce,com.amazon.cloud9.contentservice.apk,res/raw/blacklisted_domains.txt,"trssl1.bruceleadx.com","Amazon/maverick/maverick:7.0/PS7315/1924N:user/amz-p,release-keys",2020-06-04 01:21:16,2020-06-04 05:10:07
Bruce,com.amazon.cloud9.contentservice.apk,res/raw/blacklisted_domains.txt,"tr2ck.bruceleadx2.com","Amazon/maverick/maverick:7.0/PS7315/1924N:user/amz-p,release-keys",2020-06-04 01:21:16,2020-06-04 05:10:07
Bruce,com.amazon.cloud9.contentservice.apk,res/raw/blacklisted_domains.txt,"tr4ck.bruceleadx2.com","Amazon/maverick/maverick:7.0/PS7315/1924N:user/amz-p,release-keys",2020-06-04 01:21:16,2020-06-04 05:10:07
Bruce,com.amazon.cloud9.contentservice.apk,res/raw/blacklisted_domains.txt,"track.bruceleadx2.com","Amazon/maverick/maverick:7.0/PS7315/1924N:user/amz-p,release-keys",2020-06-04 01:21:16,2020-06-04 05:10:07
Bruce,com.amazon.cloud9.contentservice.apk,res/raw/blacklisted_domains.txt,"tr9ck.bruceleadx2.com","Amazon/maverick/maverick:7.0/PS7315/1924N:user/amz-p,release-keys",2020-06-04 01:21:16,2020-06-04 05:10:07
Cedar,com.amazon.cloud9.contentservice.apk,res/raw/blacklisted_domains.txt,"cedar-rapids.skipthegames.com","Amazon/maverick/maverick:7.0/PS7315/1924N:user/amz-p,release-keys",2020-06-04 01:21:16,2020-06-04 05:10:07
Christie,com.amazon.cloud9.contentservice.apk,res/raw/blacklisted_domains.txt,"christiestoybox.com","Amazon/maverick/maverick:7.0/PS7315/1924N:user/amz-p,release-keys",2020-06-04 01:21:16,2020-06-04 05:10:07
Diana,com.amazon.cloud9.contentservice.apk,res/raw/blacklisted_domains.txt,"dianamovies.com","Amazon/maverick/maverick:7.0/PS7315/1924N:user/amz-p,release-keys",2020-06-04 01:21:16,2020-06-04 05:10:07
Diana,com.amazon.cloud9.contentservice.apk,res/raw/blacklisted_domains.txt,"nudediana.com","Amazon/maverick/maverick:7.0/PS7315/1924N:user/amz-p,release-keys",2020-06-04 01:21:16,2020-06-04 05:10:07
Diana,com.amazon.cloud9.contentservice.apk,res/raw/blacklisted_domains.txt,"dianapost.com","Amazon/maverick/maverick:7.0/PS7315/1924N:user/amz-p,release-keys",2020-06-04 01:21:16,2020-06-04 05:10:07
Disco,com.amazon.geo.client.maps.apk,smali/com/amazon/geo/keymanagement/KeyManagementClient.smali,".field private static final BINDER_DISCONNETED:I = 0x3","Amazon/maverick/maverick:7.0/PS7315/1924N:user/amz-p,release-keys",2020-06-04 01:21:16,2020-06-04 05:10:07
Disco,com.amazon.geo.client.maps.apk,smali/com/amazon/geo/keymanagement/KeyManagementClient$Companion.smali,"""BINDER_DISCONNETED"",","Amazon/maverick/maverick:7.0/PS7315/1924N:user/amz-p,release-keys",2020-06-04 01:21:16,2020-06-04 05:10:07
Disco,MapsSdkV3-KMSClient-release.apk,smali/com/amazon/geo/keymanagement/KeyManagementClient$Companion.smali,"""BINDER_DISCONNETED"",","Amazon/maverick/maverick:7.0/PS7315/1924N:user/amz-p,release-keys",2020-06-04 01:21:16,2020-06-04 05:10:07
Disco,com.amazon.cloud9.contentservice.apk,res/raw/blacklisted_domains.txt,"ikemen-xvideos.disco-styles.net","Amazon/maverick/maverick:7.0/PS7315/1924N:user/amz-p,release-keys",2020-06-04 01:21:16,2020-06-04 05:10:07
Disco,MapsSdkV3-KMSClient-release.apk,smali/com/amazon/geo/keymanagement/KeyManagementClient.smali,".field private static final BINDER_DISCONNETED:I = 0x3","Amazon/maverick/maverick:7.0/PS7315/1924N:user/amz-p,release-keys",2020-06-04 01:21:16,2020-06-04 05:10:07
Dylan,com.amazon.cloud9.contentservice.apk,res/raw/blacklisted_domains.txt,"ladylana.com","Amazon/maverick/maverick:7.0/PS7315/1924N:user/amz-p,release-keys",2020-06-04 01:21:16,2020-06-04 05:10:07
Eagle,com.amazon.cloud9.contentservice.apk,res/raw/blacklisted_domains.txt,"porneagle.com","Amazon/maverick/maverick:7.0/PS7315/1924N:user/amz-p,release-keys",2020-06-04 01:21:16,2020-06-04 05:10:07
Edith,com.amazon.kindle.apk,smali/com/amazon/android/docviewer/annotations/DefaultDocViewerAnnotationManager.smali,"invoke-virtual/range {v0 .. v7}, Lcom/amazon/android/docviewer/annotations/DefaultDocViewerAnnotationManager;->addOrEditHighlight(IIIILjava/util/Map;ZLjava/lang/String;)Lcom/amazon/kindle/model/sync/annotation/IAnnotation;","Amazon/maverick/maverick:7.0/PS7315/1924N:user/amz-p,release-keys",2020-06-04 01:21:16,2020-06-04 05:10:07
Edith,com.amazon.kindle.apk,smali/com/amazon/android/docviewer/annotations/DefaultDocViewerAnnotationManager.smali,".method addOrEditHighlight(IIIILjava/util/Map;ZLjava/lang/String;)Lcom/amazon/kindle/model/sync/annotation/IAnnotation;","Amazon/maverick/maverick:7.0/PS7315/1924N:user/amz-p,release-keys",2020-06-04 01:21:16,2020-06-04 05:10:07
Edith,com.amazon.kindle.apk,smali/com/amazon/android/docviewer/annotations/DefaultDocViewerAnnotationManager.smali,"invoke-virtual/range {v11 .. v18}, Lcom/amazon/android/docviewer/annotations/DefaultDocViewerAnnotationManager;->addOrEditHighlight(IIIILjava/util/Map;ZLjava/lang/String;)Lcom/amazon/kindle/model/sync/annotation/IAnnotation;","Amazon/maverick/maverick:7.0/PS7315/1924N:user/amz-p,release-keys",2020-06-04 01:21:16,2020-06-04 05:10:07
Genie,TabletSystemUI.apk,smali/com/amazon/systemui/utils/SmartHomeLauncherHelper.smali,"const-string v2, ""com.amazon.smartgenie.activity.MainActivity""","Amazon/maverick/maverick:7.0/PS7315/1924N:user/amz-p,release-keys",2020-06-04 01:21:16,2020-06-04 05:10:07
Genie,com.amazon.cloud9.contentservice.apk,res/raw/blacklisted_domains.txt,"sexdollgenie.com","Amazon/maverick/maverick:7.0/PS7315/1924N:user/amz-p,release-keys",2020-06-04 01:21:16,2020-06-04 05:10:07
Genie,TabletSystemUI.apk,smali/com/amazon/systemui/utils/SmartHomeLauncherHelper.smali,"const-string v1, ""com.amazon.smartgenie""","Amazon/maverick/maverick:7.0/PS7315/1924N:user/amz-p,release-keys",2020-06-04 01:21:16,2020-06-04 05:10:07
Hailey,com.amazon.cloud9.contentservice.apk,res/raw/blacklisted_domains.txt,"galleries.haileyshideaway.com","Amazon/maverick/maverick:7.0/PS7315/1924N:user/amz-p,release-keys",2020-06-04 01:21:16,2020-06-04 05:10:07
Hana,com.amazon.cloud9.contentservice.apk,res/raw/blacklisted_domains.txt,"hananude.com","Amazon/maverick/maverick:7.0/PS7315/1924N:user/amz-p,release-keys",2020-06-04 01:21:16,2020-06-04 05:10:07
Hana,com.amazon.cloud9.contentservice.apk,res/raw/blacklisted_domains.txt,"thanatos.net","Amazon/maverick/maverick:7.0/PS7315/1924N:user/amz-p,release-keys",2020-06-04 01:21:16,2020-06-04 05:10:07
Hana,com.amazon.cloud9.contentservice.apk,res/raw/blacklisted_domains.txt,"hnahanashi-ero.net","Amazon/maverick/maverick:7.0/PS7315/1924N:user/amz-p,release-keys",2020-06-04 01:21:16,2020-06-04 05:10:07
Harmony,com.amazon.cloud9.contentservice.apk,res/raw/blacklisted_domains.txt,"harmonystore.co.uk","Amazon/maverick/maverick:7.0/PS7315/1924N:user/amz-p,release-keys",2020-06-04 01:21:16,2020-06-04 05:10:07
Harmony,com.amazon.cloud9.contentservice.apk,res/raw/blacklisted_domains.txt,"harmonyvision.com","Amazon/maverick/maverick:7.0/PS7315/1924N:user/amz-p,release-keys",2020-06-04 01:21:16,2020-06-04 05:10:07
Harmony,com.amazon.cloud9.contentservice.apk,res/raw/blacklisted_domains.txt,"galleries.harmonyvision.com","Amazon/maverick/maverick:7.0/PS7315/1924N:user/amz-p,release-keys",2020-06-04 01:21:16,2020-06-04 05:10:07
Hive,com.amazon.cloud9.contentservice.apk,res/raw/blacklisted_domains.txt,"track.thrivehivetracking.com","Amazon/maverick/maverick:7.0/PS7315/1924N:user/amz-p,release-keys",2020-06-04 01:21:16,2020-06-04 05:10:07
Hive,com.amazon.cloud9.contentservice.apk,res/raw/blacklisted_domains.txt,"sexyhive.com","Amazon/maverick/maverick:7.0/PS7315/1924N:user/amz-p,release-keys",2020-06-04 01:21:16,2020-06-04 05:10:07
Hive,com.amazon.cloud9.contentservice.apk,res/raw/blacklisted_domains.txt,"pornhive.tv","Amazon/maverick/maverick:7.0/PS7315/1924N:user/amz-p,release-keys",2020-06-04 01:21:16,2020-06-04 05:10:07
Hudson,com.amazon.cloud9.contentservice.apk,res/raw/blacklisted_domains.txt,"hudson-valley.skipthegames.com","Amazon/maverick/maverick:7.0/PS7315/1924N:user/amz-p,release-keys",2020-06-04 01:21:16,2020-06-04 05:10:07
Hudson,com.amazon.cloud9.contentservice.apk,res/raw/blacklisted_domains.txt,"hudsonvalley.bedpage.com","Amazon/maverick/maverick:7.0/PS7315/1924N:user/amz-p,release-keys",2020-06-04 01:21:16,2020-06-04 05:10:07
Imperia,com.amazon.cloud9.contentservice.apk,res/raw/blacklisted_domains.txt,"imperia-of-hentai.net","Amazon/maverick/maverick:7.0/PS7315/1924N:user/amz-p,release-keys",2020-06-04 01:21:16,2020-06-04 05:10:07
Jade,com.amazon.cloud9.contentservice.apk,res/raw/blacklisted_domains.txt,"jadedvideo.com","Amazon/maverick/maverick:7.0/PS7315/1924N:user/amz-p,release-keys",2020-06-04 01:21:16,2020-06-04 05:10:07
Jade,com.amazon.cloud9.contentservice.apk,res/raw/blacklisted_domains.txt,"jade-net-home.com","Amazon/maverick/maverick:7.0/PS7315/1924N:user/amz-p,release-keys",2020-06-04 01:21:16,2020-06-04 05:10:07
Jarvis,com.amazon.cloud9.contentservice.apk,res/raw/blacklisted_domains.txt,"jarviscity.com","Amazon/maverick/maverick:7.0/PS7315/1924N:user/amz-p,release-keys",2020-06-04 01:21:16,2020-06-04 05:10:07
Jasmin,com.amazon.cloud9.contentservice.apk,res/raw/blacklisted_domains.txt,"jasmin.com","Amazon/maverick/maverick:7.0/PS7315/1924N:user/amz-p,release-keys",2020-06-04 01:21:16,2020-06-04 05:10:07
Jasmin,com.amazon.cloud9.contentservice.apk,res/raw/blacklisted_domains.txt,"livejasmin.com","Amazon/maverick/maverick:7.0/PS7315/1924N:user/amz-p,release-keys",2020-06-04 01:21:16,2020-06-04 05:10:07
Jasmin,com.amazon.cloud9.contentservice.apk,res/raw/blacklisted_domains.txt,"livejasminbabes.net","Amazon/maverick/maverick:7.0/PS7315/1924N:user/amz-p,release-keys",2020-06-04 01:21:16,2020-06-04 05:10:07
Jasmin,com.amazon.cloud9.contentservice.apk,res/raw/blacklisted_domains.txt,"jasmine.paheal.net","Amazon/maverick/maverick:7.0/PS7315/1924N:user/amz-p,release-keys",2020-06-04 01:21:16,2020-06-04 05:10:07
Jasmin,com.amazon.cloud9.contentservice.apk,res/raw/blacklisted_domains.txt,"secure.livejasmin.com","Amazon/maverick/maverick:7.0/PS7315/1924N:user/amz-p,release-keys",2020-06-04 01:21:16,2020-06-04 05:10:07
Jasmin,com.amazon.cloud9.contentservice.apk,res/raw/blacklisted_domains.txt,"cradver.livejasmin.com","Amazon/maverick/maverick:7.0/PS7315/1924N:user/amz-p,release-keys",2020-06-04 01:21:16,2020-06-04 05:10:07
Jasmin,com.amazon.cloud9.contentservice.apk,res/raw/blacklisted_domains.txt,"crt.jasmin.com","Amazon/maverick/maverick:7.0/PS7315/1924N:user/amz-p,release-keys",2020-06-04 01:21:16,2020-06-04 05:10:07
Jules,com.amazon.cloud9.contentservice.apk,res/raw/blacklisted_domains.txt,"julesjordanvideo.com","Amazon/maverick/maverick:7.0/PS7315/1924N:user/amz-p,release-keys",2020-06-04 01:21:16,2020-06-04 05:10:07
Jules,com.amazon.cloud9.contentservice.apk,res/raw/blacklisted_domains.txt,"cdn-fhg-pics.julesjordan.com","Amazon/maverick/maverick:7.0/PS7315/1924N:user/amz-p,release-keys",2020-06-04 01:21:16,2020-06-04 05:10:07
Jules,com.amazon.cloud9.contentservice.apk,res/raw/blacklisted_domains.txt,"fhg.julesjordan.com","Amazon/maverick/maverick:7.0/PS7315/1924N:user/amz-p,release-keys",2020-06-04 01:21:16,2020-06-04 05:10:07
Jules,com.amazon.cloud9.contentservice.apk,res/raw/blacklisted_domains.txt,"julesjordan.com","Amazon/maverick/maverick:7.0/PS7315/1924N:user/amz-p,release-keys",2020-06-04 01:21:16,2020-06-04 05:10:07
Lark,com.amazon.cloud9.contentservice.apk,res/raw/blacklisted_domains.txt,"silvergal.lark.ru","Amazon/maverick/maverick:7.0/PS7315/1924N:user/amz-p,release-keys",2020-06-04 01:21:16,2020-06-04 05:10:07
Lark,com.amazon.cloud9.contentservice.apk,res/raw/blacklisted_domains.txt,"clarksville.skipthegames.com","Amazon/maverick/maverick:7.0/PS7315/1924N:user/amz-p,release-keys",2020-06-04 01:21:16,2020-06-04 05:10:07
Laser,com.amazon.cloud9.contentservice.apk,res/raw/blacklisted_domains.txt,"peliculaseroticasonline.tv","Amazon/maverick/maverick:7.0/PS7315/1924N:user/amz-p,release-keys",2020-06-04 01:21:16,2020-06-04 05:10:07
Lily,com.amazon.cloud9.contentservice.apk,res/raw/blacklisted_domains.txt,"lilyxo.com","Amazon/maverick/maverick:7.0/PS7315/1924N:user/amz-p,release-keys",2020-06-04 01:21:16,2020-06-04 05:10:07
Lily,com.amazon.cloud9.contentservice.apk,res/raw/blacklisted_domains.txt,"tokyolily.jp","Amazon/maverick/maverick:7.0/PS7315/1924N:user/amz-p,release-keys",2020-06-04 01:21:16,2020-06-04 05:10:07
Merced,com.amazon.cloud9.contentservice.apk,res/raw/blacklisted_domains.txt,"mercedesbbw.com","Amazon/maverick/maverick:7.0/PS7315/1924N:user/amz-p,release-keys",2020-06-04 01:21:16,2020-06-04 05:10:07
Milano,com.amazon.cloud9.contentservice.apk,res/raw/blacklisted_domains.txt,"alyssa-milano.net","Amazon/maverick/maverick:7.0/PS7315/1924N:user/amz-p,release-keys",2020-06-04 01:21:16,2020-06-04 05:10:07
Otis,com.amazon.cloud9.contentservice.apk,res/raw/blacklisted_domains.txt,"erotismosexual.com","Amazon/maverick/maverick:7.0/PS7315/1924N:user/amz-p,release-keys",2020-06-04 01:21:16,2020-06-04 05:10:07
Otis,com.amazon.cloud9.contentservice.apk,res/raw/blacklisted_domains.txt,"erotischegeschichten.net","Amazon/maverick/maverick:7.0/PS7315/1924N:user/amz-p,release-keys",2020-06-04 01:21:16,2020-06-04 05:10:07
Otis,com.amazon.cloud9.contentservice.apk,res/raw/blacklisted_domains.txt,"erotischesexgeschichten.club","Amazon/maverick/maverick:7.0/PS7315/1924N:user/amz-p,release-keys",2020-06-04 01:21:16,2020-06-04 05:10:07
Otis,com.amazon.cloud9.contentservice.apk,res/raw/blacklisted_domains.txt,"hotisexy.com","Amazon/maverick/maverick:7.0/PS7315/1924N:user/amz-p,release-keys",2020-06-04 01:21:16,2020-06-04 05:10:07
Panko,com.amazon.cloud9.contentservice.apk,res/raw/blacklisted_domains.txt,"spanko.net","Amazon/maverick/maverick:7.0/PS7315/1924N:user/amz-p,release-keys",2020-06-04 01:21:16,2020-06-04 05:10:07
Panther,com.amazon.cloud9.contentservice.apk,res/raw/blacklisted_domains.txt,"darkpanthera.com","Amazon/maverick/maverick:7.0/PS7315/1924N:user/amz-p,release-keys",2020-06-04 01:21:16,2020-06-04 05:10:07
Plum,com.amazon.cloud9.contentservice.apk,res/raw/blacklisted_domains.txt,"hqplumpers.com","Amazon/maverick/maverick:7.0/PS7315/1924N:user/amz-p,release-keys",2020-06-04 01:21:16,2020-06-04 05:10:07
Plum,com.amazon.cloud9.contentservice.apk,res/raw/blacklisted_domains.txt,"plumber9.com","Amazon/maverick/maverick:7.0/PS7315/1924N:user/amz-p,release-keys",2020-06-04 01:21:16,2020-06-04 05:10:07
Plum,com.amazon.cloud9.contentservice.apk,res/raw/blacklisted_domains.txt,"plumpmature.com","Amazon/maverick/maverick:7.0/PS7315/1924N:user/amz-p,release-keys",2020-06-04 01:21:16,2020-06-04 05:10:07
Plum,com.amazon.cloud9.contentservice.apk,res/raw/blacklisted_domains.txt,"sexyplumpbabes.com","Amazon/maverick/maverick:7.0/PS7315/1924N:user/amz-p,release-keys",2020-06-04 01:21:16,2020-06-04 05:10:07
Plum,com.amazon.cloud9.contentservice.apk,res/raw/blacklisted_domains.txt,"plumperporn.xxx","Amazon/maverick/maverick:7.0/PS7315/1924N:user/amz-p,release-keys",2020-06-04 01:21:16,2020-06-04 05:10:07
Plum,com.amazon.cloud9.contentservice.apk,res/raw/blacklisted_domains.txt,"naked-plumpers.com","Amazon/maverick/maverick:7.0/PS7315/1924N:user/amz-p,release-keys",2020-06-04 01:21:16,2020-06-04 05:10:07
Plum,com.amazon.cloud9.contentservice.apk,res/raw/blacklisted_domains.txt,"plumparchive.com","Amazon/maverick/maverick:7.0/PS7315/1924N:user/amz-p,release-keys",2020-06-04 01:21:16,2020-06-04 05:10:07
Plum,com.amazon.cloud9.contentservice.apk,res/raw/blacklisted_domains.txt,"spicyplumpers.com","Amazon/maverick/maverick:7.0/PS7315/1924N:user/amz-p,release-keys",2020-06-04 01:21:16,2020-06-04 05:10:07
Plum,com.amazon.cloud9.contentservice.apk,res/raw/blacklisted_domains.txt,"freeteenpics.plumpersandbw.com","Amazon/maverick/maverick:7.0/PS7315/1924N:user/amz-p,release-keys",2020-06-04 01:21:16,2020-06-04 05:10:07
Plum,com.amazon.cloud9.contentservice.apk,res/raw/blacklisted_domains.txt,"hotplumpbabes.com","Amazon/maverick/maverick:7.0/PS7315/1924N:user/amz-p,release-keys",2020-06-04 01:21:16,2020-06-04 05:10:07
Plum,com.amazon.cloud9.contentservice.apk,res/raw/blacklisted_domains.txt,"plumperpass.com","Amazon/maverick/maverick:7.0/PS7315/1924N:user/amz-p,release-keys",2020-06-04 01:21:16,2020-06-04 05:10:07
Plum,com.amazon.cloud9.contentservice.apk,res/raw/blacklisted_domains.txt,"bbwgirls.plumpersandbw.com","Amazon/maverick/maverick:7.0/PS7315/1924N:user/amz-p,release-keys",2020-06-04 01:21:16,2020-06-04 05:10:07
Plum,com.amazon.cloud9.contentservice.apk,res/raw/blacklisted_domains.txt,"plumperhotties.com","Amazon/maverick/maverick:7.0/PS7315/1924N:user/amz-p,release-keys",2020-06-04 01:21:16,2020-06-04 05:10:07
Plum,com.amazon.cloud9.contentservice.apk,res/raw/blacklisted_domains.txt,"plumperthumbs.com","Amazon/maverick/maverick:7.0/PS7315/1924N:user/amz-p,release-keys",2020-06-04 01:21:16,2020-06-04 05:10:07
Plum,com.amazon.cloud9.contentservice.apk,res/raw/blacklisted_domains.txt,"promo.plumperpass.com","Amazon/maverick/maverick:7.0/PS7315/1924N:user/amz-p,release-keys",2020-06-04 01:21:16,2020-06-04 05:10:07
Plum,com.amazon.cloud9.contentservice.apk,res/raw/blacklisted_domains.txt,"plumpersworld.com","Amazon/maverick/maverick:7.0/PS7315/1924N:user/amz-p,release-keys",2020-06-04 01:21:16,2020-06-04 05:10:07
Plum,com.amazon.cloud9.contentservice.apk,res/raw/blacklisted_domains.txt,"plumpxxx.net","Amazon/maverick/maverick:7.0/PS7315/1924N:user/amz-p,release-keys",2020-06-04 01:21:16,2020-06-04 05:10:07
Plum,com.amazon.cloud9.contentservice.apk,res/raw/blacklisted_domains.txt,"gal1.plumperpass.com","Amazon/maverick/maverick:7.0/PS7315/1924N:user/amz-p,release-keys",2020-06-04 01:21:16,2020-06-04 05:10:07
Reine,com.amazon.cloud9.contentservice.apk,res/raw/blacklisted_domains.txt,"purpreine.co","Amazon/maverick/maverick:7.0/PS7315/1924N:user/amz-p,release-keys",2020-06-04 01:21:16,2020-06-04 05:10:07
Roanoke,com.amazon.cloud9.contentservice.apk,res/raw/blacklisted_domains.txt,"roanoke.skipthegames.com","Amazon/maverick/maverick:7.0/PS7315/1924N:user/amz-p,release-keys",2020-06-04 01:21:16,2020-06-04 05:10:07
SLAM,com.amazon.cloud9.contentservice.apk,res/raw/blacklisted_domains.txt,"grandslammerz.net","Amazon/maverick/maverick:7.0/PS7315/1924N:user/amz-p,release-keys",2020-06-04 01:21:16,2020-06-04 05:10:07
Swallow,com.amazon.cloud9.contentservice.apk,res/raw/blacklisted_domains.txt,"swallowsalon.com","Amazon/maverick/maverick:7.0/PS7315/1924N:user/amz-p,release-keys",2020-06-04 01:21:16,2020-06-04 05:10:07
Swallow,com.amazon.cloud9.contentservice.apk,res/raw/blacklisted_domains.txt,"tour.swallowed.com","Amazon/maverick/maverick:7.0/PS7315/1924N:user/amz-p,release-keys",2020-06-04 01:21:16,2020-06-04 05:10:07
Swallow,com.amazon.cloud9.contentservice.apk,res/raw/blacklisted_domains.txt,"members.swallowed.com","Amazon/maverick/maverick:7.0/PS7315/1924N:user/amz-p,release-keys",2020-06-04 01:21:16,2020-06-04 05:10:07
Swallow,com.amazon.cloud9.contentservice.apk,res/raw/blacklisted_domains.txt,"justswallows.com","Amazon/maverick/maverick:7.0/PS7315/1924N:user/amz-p,release-keys",2020-06-04 01:21:16,2020-06-04 05:10:07
Swallow,com.amazon.cloud9.contentservice.apk,res/raw/blacklisted_domains.txt,"swallowed.com","Amazon/maverick/maverick:7.0/PS7315/1924N:user/amz-p,release-keys",2020-06-04 01:21:16,2020-06-04 05:10:07
Swallow,com.amazon.cloud9.contentservice.apk,res/raw/blacklisted_domains.txt,"gloryholeswallow.com","Amazon/maverick/maverick:7.0/PS7315/1924N:user/amz-p,release-keys",2020-06-04 01:21:16,2020-06-04 05:10:07
Tango,com.amazon.cloud9.contentservice.apk,res/raw/blacklisted_domains.txt,"tangomature.com","Amazon/maverick/maverick:7.0/PS7315/1924N:user/amz-p,release-keys",2020-06-04 01:21:16,2020-06-04 05:10:07
Toledo,com.amazon.cloud9.contentservice.apk,res/raw/blacklisted_domains.txt,"toledo.skipthegames.com","Amazon/maverick/maverick:7.0/PS7315/1924N:user/amz-p,release-keys",2020-06-04 01:21:16,2020-06-04 05:10:07
Tucson,com.amazon.cloud9.contentservice.apk,res/raw/blacklisted_domains.txt,"tucson.skipthegames.com","Amazon/maverick/maverick:7.0/PS7315/1924N:user/amz-p,release-keys",2020-06-04 01:21:16,2020-06-04 05:10:07
Vegas,com.amazon.cloud9.contentservice.apk,res/raw/blacklisted_domains.txt,"wildvegascasino.com","Amazon/maverick/maverick:7.0/PS7315/1924N:user/amz-p,release-keys",2020-06-04 01:21:16,2020-06-04 05:10:07
Vegas,com.amazon.cloud9.contentservice.apk,res/raw/blacklisted_domains.txt,"vulkanvegas-offers.com","Amazon/maverick/maverick:7.0/PS7315/1924N:user/amz-p,release-keys",2020-06-04 01:21:16,2020-06-04 05:10:07
Vegas,com.amazon.cloud9.contentservice.apk,res/raw/blacklisted_domains.txt,"whathappensinvegasstays.com","Amazon/maverick/maverick:7.0/PS7315/1924N:user/amz-p,release-keys",2020-06-04 01:21:16,2020-06-04 05:10:07
Vegas,com.amazon.cloud9.contentservice.apk,res/raw/blacklisted_domains.txt,"vegas-chiba.com","Amazon/maverick/maverick:7.0/PS7315/1924N:user/amz-p,release-keys",2020-06-04 01:21:16,2020-06-04 05:10:07
Venus,com.amazon.cloud9.contentservice.apk,res/raw/blacklisted_domains.txt,"deltaofvenus.com","Amazon/maverick/maverick:7.0/PS7315/1924N:user/amz-p,release-keys",2020-06-04 01:21:16,2020-06-04 05:10:07
Venus,com.amazon.cloud9.contentservice.apk,res/raw/blacklisted_domains.txt,"venusmoms.com","Amazon/maverick/maverick:7.0/PS7315/1924N:user/amz-p,release-keys",2020-06-04 01:21:16,2020-06-04 05:10:07
Venus,com.amazon.cloud9.contentservice.apk,res/raw/blacklisted_domains.txt,"venus.wowgirls.com","Amazon/maverick/maverick:7.0/PS7315/1924N:user/amz-p,release-keys",2020-06-04 01:21:16,2020-06-04 05:10:07
Venus,com.amazon.cloud9.contentservice.apk,res/raw/blacklisted_domains.txt,"landofvenus.com","Amazon/maverick/maverick:7.0/PS7315/1924N:user/amz-p,release-keys",2020-06-04 01:21:16,2020-06-04 05:10:07
Venus,com.amazon.cloud9.contentservice.apk,res/raw/blacklisted_domains.txt,"venusboobs.com","Amazon/maverick/maverick:7.0/PS7315/1924N:user/amz-p,release-keys",2020-06-04 01:21:16,2020-06-04 05:10:07
Vesta,com.amazon.cloud9.contentservice.apk,res/raw/blacklisted_domains.txt,"travesta.de","Amazon/maverick/maverick:7.0/PS7315/1924N:user/amz-p,release-keys",2020-06-04 01:21:16,2020-06-04 05:10:07
Viper,com.amazon.cloud9.contentservice.apk,res/raw/blacklisted_domains.txt,"vipergirls.to","Amazon/maverick/maverick:7.0/PS7315/1924N:user/amz-p,release-keys",2020-06-04 01:21:16,2020-06-04 05:10:07
Viper,com.amazon.cloud9.contentservice.apk,res/raw/blacklisted_domains.txt,"viperteens.org","Amazon/maverick/maverick:7.0/PS7315/1924N:user/amz-p,release-keys",2020-06-04 01:21:16,2020-06-04 05:10:07
Waffle,com.amazon.cloud9.contentservice.apk,res/raw/blacklisted_domains.txt,"waffle1999.com","Amazon/maverick/maverick:7.0/PS7315/1924N:user/amz-p,release-keys",2020-06-04 01:21:16,2020-06-04 05:10:07
Waffle,com.amazon.cloud9.contentservice.apk,res/raw/blacklisted_domains.txt,"cdncontent.xxxwaffle.com","Amazon/maverick/maverick:7.0/PS7315/1924N:user/amz-p,release-keys",2020-06-04 01:21:16,2020-06-04 05:10:07
Waffle,com.amazon.cloud9.contentservice.apk,res/raw/blacklisted_domains.txt,"content.wafflegirl.com","Amazon/maverick/maverick:7.0/PS7315/1924N:user/amz-p,release-keys",2020-06-04 01:21:16,2020-06-04 05:10:07
Wick,com.amazon.cloud9.contentservice.apk,res/raw/blacklisted_domains.txt,"wickedtemptations.com","Amazon/maverick/maverick:7.0/PS7315/1924N:user/amz-p,release-keys",2020-06-04 01:21:16,2020-06-04 05:10:07
Wick,com.amazon.cloud9.contentservice.apk,res/raw/blacklisted_domains.txt,"wicked.com","Amazon/maverick/maverick:7.0/PS7315/1924N:user/amz-p,release-keys",2020-06-04 01:21:16,2020-06-04 05:10:07
Wick,com.amazon.cloud9.contentservice.apk,res/raw/blacklisted_domains.txt,"members.wicked.com","Amazon/maverick/maverick:7.0/PS7315/1924N:user/amz-p,release-keys",2020-06-04 01:21:16,2020-06-04 05:10:07
Wick,com.amazon.cloud9.contentservice.apk,res/raw/blacklisted_domains.txt,"wickedwives.co.uk","Amazon/maverick/maverick:7.0/PS7315/1924N:user/amz-p,release-keys",2020-06-04 01:21:16,2020-06-04 05:10:07
Wick,com.amazon.cloud9.contentservice.apk,res/raw/blacklisted_domains.txt,"warwick.skipthegames.com","Amazon/maverick/maverick:7.0/PS7315/1924N:user/amz-p,release-keys",2020-06-04 01:21:16,2020-06-04 05:10:07
Wick,com.amazon.cloud9.contentservice.apk,res/raw/blacklisted_domains.txt,"wickedsick.tv","Amazon/maverick/maverick:7.0/PS7315/1924N:user/amz-p,release-keys",2020-06-04 01:21:16,2020-06-04 05:10:07
Winston,com.amazon.cloud9.contentservice.apk,res/raw/blacklisted_domains.txt,"winston-salem.skipthegames.com","Amazon/maverick/maverick:7.0/PS7315/1924N:user/amz-p,release-keys",2020-06-04 01:21:16,2020-06-04 05:10:07
